Z_A2,"(SCR_A2, Z_a@)",,,
SCR_A2,"{((Z_AD, Z_AE), (IoX_A5, IF-A3)), ((Z_AD, Z_AE), (IoX_A6, IF-A3))}",,,
Z_a@,"(S_a@, X_a@, Y_a@, N_a@, R_a@, F_a@, P_a@)",,,
SZ_a@,"{SA@1, SA@2}",,,
IZ_a@,"{IoX_A1, IoX_A2}",,,
OZ_a@,"{IoX_A3, IoX_A4}",,,
NZ_a@,"{((SA@1, IoX_A1), SA@1), ((SA@1, IoX_A2), SA@2), ((SA@2, IoX_A1), SA@1), ((SA@2, IoX_A2), SA@2)}",,,
RZ_a@,"{(SA@1, IoX_A3), (SA@2, IoX_A4)}",,,
F_a@,"{IF-A1, IF-A2}",,,
P_a@,"{(IoX_A1, IF-A1), (IoX_A2, IF-A1), (IoX_A3, IF-A2), (IoX_A4, IF-A2)}",,,
